TDSFU Daily run: Mon Oct 27 14:17:42 UTC 2025 TDSFU
TDSFU Daily run: Tue Oct 28 04:35:41 UTC 2025 TDSFU
TDSFU Daily run: Wed Oct 29 04:41:31 UTC 2025 TDSFU
TDSFU Daily run: Thu Oct 30 04:35:35 UTC 2025 TDSFU
TDSFU Daily run: Fri Oct 31 04:38:30 UTC 2025 TDSFU
TDSFU Daily run: Sat Nov  1 04:33:08 UTC 2025 TDSFU
TDSFU Daily run: Sun Nov  2 04:35:54 UTC 2025 TDSFU
TDSFU Daily run: Mon Nov  3 04:42:26 UTC 2025 TDSFU
TDSFU Daily run: Tue Nov  4 04:35:57 UTC 2025 TDSFU
TDSFU Daily run: Wed Nov  5 04:36:46 UTC 2025 TDSFU
TDSFU Daily run: Thu Nov  6 04:41:58 UTC 2025 TDSFU
TDSFU Daily run: Fri Nov  7 04:36:09 UTC 2025 TDSFU
TDSFU Daily run: Sat Nov  8 04:34:53 UTC 2025 TDSFU
TDSFU Daily run: Sun Nov  9 04:34:46 UTC 2025 TDSFU
TDSFU Daily run: Mon Nov 10 04:40:46 UTC 2025 TDSFU
TDSFU Daily run: Tue Nov 11 04:38:59 UTC 2025 TDSFU
TDSFU Daily run: Wed Nov 12 04:38:51 UTC 2025 TDSFU
TDSFU Daily run: Thu Nov 13 04:40:13 UTC 2025 TDSFU
TDSFU Daily run: Fri Nov 14 04:37:06 UTC 2025 TDSFU
TDSFU Daily run: Sat Nov 15 04:34:56 UTC 2025 TDSFU
TDSFU Daily run: Sun Nov 16 04:39:31 UTC 2025 TDSFU
TDSFU Daily run: Mon Nov 17 04:41:10 UTC 2025 TDSFU
TDSFU Daily run: Tue Nov 18 04:37:30 UTC 2025 TDSFU
TDSFU Daily run: Wed Nov 19 04:38:30 UTC 2025 TDSFU
TDSFU Daily run: Thu Nov 20 04:36:11 UTC 2025 TDSFU
TDSFU Daily run: Fri Nov 21 04:38:08 UTC 2025 TDSFU
TDSFU Daily run: Sat Nov 22 04:34:35 UTC 2025 TDSFU
TDSFU Daily run: Sun Nov 23 04:46:15 UTC 2025 TDSFU
TDSFU Daily run: Mon Nov 24 04:47:08 UTC 2025 TDSFU
TDSFU Daily run: Tue Nov 25 04:41:26 UTC 2025 TDSFU
TDSFU Daily run: Wed Nov 26 04:41:43 UTC 2025 TDSFU
TDSFU Daily run: Thu Nov 27 04:39:04 UTC 2025 TDSFU
TDSFU Daily run: Fri Nov 28 04:38:51 UTC 2025 TDSFU
TDSFU Daily run: Sat Nov 29 04:37:28 UTC 2025 TDSFU
TDSFU Daily run: Sun Nov 30 04:47:16 UTC 2025 TDSFU
TDSFU Daily run: Mon Dec  1 04:58:16 UTC 2025 TDSFU
TDSFU Daily run: Tue Dec  2 04:44:27 UTC 2025 TDSFU
TDSFU Daily run: Wed Dec  3 04:42:37 UTC 2025 TDSFU
TDSFU Daily run: Thu Dec  4 04:44:33 UTC 2025 TDSFU
TDSFU Daily run: Fri Dec  5 04:43:35 UTC 2025 TDSFU
TDSFU Daily run: Sat Dec  6 04:35:56 UTC 2025 TDSFU
TDSFU Daily run: Sun Dec  7 04:45:30 UTC 2025 TDSFU
TDSFU Daily run: Mon Dec  8 04:46:39 UTC 2025 TDSFU
TDSFU Daily run: Tue Dec  9 04:43:16 UTC 2025 TDSFU
TDSFU Daily run: Wed Dec 10 04:46:23 UTC 2025 TDSFU
TDSFU Daily run: Thu Dec 11 04:48:49 UTC 2025 TDSFU
TDSFU Daily run: Fri Dec 12 04:46:52 UTC 2025 TDSFU
TDSFU Daily run: Sat Dec 13 04:41:33 UTC 2025 TDSFU
TDSFU Daily run: Sun Dec 14 04:49:00 UTC 2025 TDSFU
TDSFU Daily run: Mon Dec 15 04:53:22 UTC 2025 TDSFU
TDSFU Daily run: Tue Dec 16 04:49:03 UTC 2025 TDSFU
